{
    "loss": 4.016139030456543,
    "accuracy": 0.5035971403121948
}