{
    "loss": 6.6172637939453125,
    "accuracy": 0.5035971403121948
}